<?xml version="1.0" encoding="UTF-8"?>

<?import javafx.scene.layout.AnchorPane?>
<?import javafx.scene.layout.VBox?>
<?import javafx.scene.layout.HBox?>
<?import javafx.scene.layout.GridPane?>
<?import javafx.scene.control.Label?>
<?import javafx.scene.control.TextField?>
<?import javafx.scene.control.ComboBox?>
<?import javafx.scene.control.Button?>
<?import javafx.scene.control.ScrollPane?>
<?import javafx.scene.image.ImageView?>
<?import javafx.scene.image.Image?>
<?import javafx.geometry.Insets?>
<?import javafx.collections.FXCollections?>
<?import java.lang.String?>

<AnchorPane xmlns="http://javafx.com/javafx/17" 
            xmlns:fx="http://javafx.com/fxml/1"
            fx:controller="com.libtrack.controllers.StudentFormController"
            stylesheets="@/com/libtrack/styles.css"
            prefWidth="900" prefHeight="600">
    
    <!-- LEFT: Library Image -->
    <VBox styleClass="home-left-pane"
          prefWidth="200"
          AnchorPane.topAnchor="0.0"
          AnchorPane.bottomAnchor="0.0"
          AnchorPane.leftAnchor="0.0">
        
        <ImageView fitWidth="200" fitHeight="600" preserveRatio="false">
            <image>
                <Image url="@/com/libtrack/images/library.jpg" />
            </image>
        </ImageView>
    </VBox>
    
    <!-- RIGHT: Form Content -->
    <ScrollPane fitToWidth="true"
                AnchorPane.topAnchor="0.0"
                AnchorPane.bottomAnchor="0.0"
                AnchorPane.leftAnchor="200.0"
                AnchorPane.rightAnchor="0.0"
                style="-fx-background-color: white;">
        
        <VBox spacing="20" style="-fx-background-color: white;">
            <padding>
                <Insets top="30" right="50" bottom="30" left="50"/>
            </padding>
            
            <!-- Logo -->
            <ImageView fitWidth="150" fitHeight="75" preserveRatio="true">
                <image>
                    <Image url="@/com/libtrack/images/mapua-logo.png" />
                </image>
            </ImageView>
            
            <!-- Title -->
            <Label text="Welcome to the Library"
                   style="-fx-font-size: 22px; -fx-font-weight: bold; -fx-text-fill: #333333;"/>
            
            <!-- Personal Information Section -->
            <Label text="Personal Information"
                   style="-fx-font-size: 16px; -fx-font-weight: bold; -fx-text-fill: #7B1D1D;">
                <VBox.margin>
                    <Insets top="10"/>
                </VBox.margin>
            </Label>
            
            <GridPane hgap="15" vgap="12">
                <!-- Name -->
                <Label text="Name:" GridPane.rowIndex="0" GridPane.columnIndex="0"
                       style="-fx-font-size: 14px;"/>
                <TextField fx:id="nameField" 
                          promptText="Last Name, First Name, M.I."
                          GridPane.rowIndex="0" GridPane.columnIndex="1"
                          prefWidth="350"
                          styleClass="login-textfield"/>
                
                <!-- Student No -->
                <Label text="Student No.:" GridPane.rowIndex="1" GridPane.columnIndex="0"
                       style="-fx-font-size: 14px;"/>
                <TextField fx:id="studentNoField" 
                          promptText="e.g., 2023987536"
                          GridPane.rowIndex="1" GridPane.columnIndex="1"
                          styleClass="login-textfield"/>
                
                <!-- Program/Year -->
                <Label text="Program/Year:" GridPane.rowIndex="2" GridPane.columnIndex="0"
                       style="-fx-font-size: 14px;"/>
                <TextField fx:id="programYearField" 
                          promptText="e.g., BSCS/3"
                          GridPane.rowIndex="2" GridPane.columnIndex="1"
                          styleClass="login-textfield"/>
                
                <!-- Term -->
                <Label text="Term:" GridPane.rowIndex="3" GridPane.columnIndex="0"
                       style="-fx-font-size: 14px;"/>
                <ComboBox fx:id="termCombo" 
                         GridPane.rowIndex="3" GridPane.columnIndex="1"
                         prefWidth="350">
                    <items>
                        <FXCollections fx:factory="observableArrayList">
                            <String fx:value="Term 1"/>
                            <String fx:value="Term 2"/>
                            <String fx:value="Term 3"/>
                        </FXCollections>
                    </items>
                </ComboBox>
                
                <!-- School Year -->
                <Label text="School Year:" GridPane.rowIndex="4" GridPane.columnIndex="0"
                       style="-fx-font-size: 14px;"/>
                <TextField fx:id="schoolYearField" 
                          promptText="e.g., 2024-2025"
                          GridPane.rowIndex="4" GridPane.columnIndex="1"
                          styleClass="login-textfield"/>
                
                <!-- Date -->
                <Label text="Date:" GridPane.rowIndex="5" GridPane.columnIndex="0"
                       style="-fx-font-size: 14px;"/>
                <TextField fx:id="dateField" 
                          editable="false"
                          GridPane.rowIndex="5" GridPane.columnIndex="1"
                          styleClass="login-textfield"
                          style="-fx-background-color: #f5f5f5;"/>
            </GridPane>
            
            <!-- Transaction Details Section -->
            <Label text="Transaction Details"
                   style="-fx-font-size: 16px; -fx-font-weight: bold; -fx-text-fill: #7B1D1D;">
                <VBox.margin>
                    <Insets top="20"/>
                </VBox.margin>
            </Label>
            
            <!-- Items Container -->
            <VBox fx:id="itemsContainer" spacing="10"/>
            
            <!-- Add Item Button -->
            <Button text="+ Add Item" 
                    onAction="#handleAddItem"
                    style="-fx-background-color: #E8A020; -fx-text-fill: white; -fx-font-size: 13px; -fx-padding: 8 20; -fx-background-radius: 4;"/>
            
            <!-- Total Amount Display -->
            <HBox spacing="10" alignment="CENTER_LEFT"
                  style="-fx-background-color: #f5f5f5; -fx-padding: 15; -fx-background-radius: 5;">
                <Label text="Total Amount:" 
                       style="-fx-font-size: 16px; -fx-font-weight: bold;"/>
                <Label fx:id="totalAmountLabel" 
                       text="₱0.00"
                       style="-fx-font-size: 18px; -fx-font-weight: bold; -fx-text-fill: #C41E3A;"/>
            </HBox>
            
            <!-- Submit Button -->
            <Button text="Submit" 
                    onAction="#handleSubmit"
                    styleClass="home-btn-student"
                    prefWidth="200"
                    prefHeight="45">
                <VBox.margin>
                    <Insets top="10"/>
                </VBox.margin>
            </Button>
            
        </VBox>
    </ScrollPane>
    
</AnchorPane>
